-- MySQL dump 10.13  Distrib 8.0.19, for Win64 (x86_64)
--
-- Host: localhost    Database: backend_mock_exam
-- ------------------------------------------------------
-- Server version	8.0.39

/*!40101 SET @OLD_CHARACTER_SET_CLIENT=@@CHARACTER_SET_CLIENT */;
/*!40101 SET @OLD_CHARACTER_SET_RESULTS=@@CHARACTER_SET_RESULTS */;
/*!40101 SET @OLD_COLLATION_CONNECTION=@@COLLATION_CONNECTION */;
/*!50503 SET NAMES utf8mb4 */;
/*!40103 SET @OLD_TIME_ZONE=@@TIME_ZONE */;
/*!40103 SET TIME_ZONE='+00:00' */;
/*!40014 SET @OLD_UNIQUE_CHECKS=@@UNIQUE_CHECKS, UNIQUE_CHECKS=0 */;
/*!40014 SET @OLD_FOREIGN_KEY_CHECKS=@@FOREIGN_KEY_CHECKS, FOREIGN_KEY_CHECKS=0 */;
/*!40101 SET @OLD_SQL_MODE=@@SQL_MODE, SQL_MODE='NO_AUTO_VALUE_ON_ZERO' */;
/*!40111 SET @OLD_SQL_NOTES=@@SQL_NOTES, SQL_NOTES=0 */;

--
-- Table structure for table `answers`
--

DROP TABLE IF EXISTS `answers`;
/*!40101 SET @saved_cs_client     = @@character_set_client */;
/*!50503 SET character_set_client = utf8mb4 */;
CREATE TABLE `answers` (
  `answer_id` int NOT NULL AUTO_INCREMENT,
  `question_id` int NOT NULL,
  `answer_text` text NOT NULL,
  `is_correct` tinyint(1) DEFAULT NULL,
  `created_at` timestamp NULL DEFAULT CURRENT_TIMESTAMP,
  `update_at` timestamp NULL DEFAULT CURRENT_TIMESTAMP ON UPDATE CURRENT_TIMESTAMP,
  PRIMARY KEY (`answer_id`)
) ENGINE=InnoDB AUTO_INCREMENT=477 DEFAULT CHARSET=utf8mb4 COLLATE=utf8mb4_0900_ai_ci;
/*!40101 SET character_set_client = @saved_cs_client */;

--
-- Dumping data for table `answers`
--

LOCK TABLES `answers` WRITE;
/*!40000 ALTER TABLE `answers` DISABLE KEYS */;
INSERT INTO `answers` VALUES (1,1,'id 1의 1번째 보기입니다.',1,'2025-02-14 11:16:25','2025-02-14 11:16:25'),(2,1,'id 1의 2번째 보기입니다.',0,'2025-02-14 11:16:25','2025-02-14 11:16:25'),(3,1,'id 1의 3번째 보기입니다.',0,'2025-02-14 11:16:25','2025-02-14 11:16:25'),(4,1,'id 1의 4번째 보기입니다.',0,'2025-02-14 11:16:25','2025-02-14 11:16:25'),(5,2,'id 2의 1번째 보기입니다.',1,'2025-02-14 11:16:25','2025-02-14 11:16:25'),(6,2,'id 2의 2번째 보기입니다.',0,'2025-02-14 11:16:25','2025-02-14 11:16:25'),(7,2,'id 2의 3번째 보기입니다.',0,'2025-02-14 11:16:25','2025-02-14 11:16:25'),(8,2,'id 2의 4번째 보기입니다.',0,'2025-02-14 11:16:25','2025-02-14 11:16:25'),(9,3,'id 3의 1번째 보기입니다.',1,'2025-02-14 11:16:25','2025-02-14 11:16:25'),(10,3,'id 3의 2번째 보기입니다.',0,'2025-02-14 11:16:25','2025-02-14 11:16:25'),(11,3,'id 3의 3번째 보기입니다.',0,'2025-02-14 11:16:25','2025-02-14 11:16:25'),(12,3,'id 3의 4번째 보기입니다.',0,'2025-02-14 11:16:25','2025-02-14 11:16:25'),(13,4,'id 4의 1번째 보기입니다.',1,'2025-02-14 11:16:25','2025-02-14 11:16:25'),(14,4,'id 4의 2번째 보기입니다.',0,'2025-02-14 11:16:25','2025-02-14 11:16:25'),(15,4,'id 4의 3번째 보기입니다.',0,'2025-02-14 11:16:25','2025-02-14 11:16:25'),(16,4,'id 4의 4번째 보기입니다.',0,'2025-02-14 11:16:25','2025-02-14 11:16:25'),(17,5,'id 5의 1번째 보기입니다.',1,'2025-02-14 11:16:25','2025-02-14 11:16:25'),(18,5,'id 5의 2번째 보기입니다.',0,'2025-02-14 11:16:25','2025-02-14 11:16:25'),(19,5,'id 5의 3번째 보기입니다.',0,'2025-02-14 11:16:25','2025-02-14 11:16:25'),(20,5,'id 5의 4번째 보기입니다.',0,'2025-02-14 11:16:25','2025-02-14 11:16:25'),(21,6,'id 6의 1번째 보기입니다.',1,'2025-02-14 11:16:25','2025-02-14 11:16:25'),(22,6,'id 6의 2번째 보기입니다.',0,'2025-02-14 11:16:25','2025-02-14 11:16:25'),(23,6,'id 6의 3번째 보기입니다.',0,'2025-02-14 11:16:25','2025-02-14 11:16:25'),(24,6,'id 6의 4번째 보기입니다.',0,'2025-02-14 11:16:25','2025-02-14 11:16:25'),(25,7,'id 7의 1번째 보기입니다.',1,'2025-02-14 11:16:25','2025-02-14 11:16:25'),(26,7,'id 7의 2번째 보기입니다.',0,'2025-02-14 11:16:25','2025-02-14 11:16:25'),(27,7,'id 7의 3번째 보기입니다.',0,'2025-02-14 11:16:25','2025-02-14 11:16:25'),(28,7,'id 7의 4번째 보기입니다.',0,'2025-02-14 11:16:25','2025-02-14 11:16:25'),(29,8,'id 8의 1번째 보기입니다.',1,'2025-02-14 11:16:25','2025-02-14 11:16:25'),(30,8,'id 8의 2번째 보기입니다.',0,'2025-02-14 11:16:25','2025-02-14 11:16:25'),(31,8,'id 8의 3번째 보기입니다.',0,'2025-02-14 11:16:25','2025-02-14 11:16:25'),(32,8,'id 8의 4번째 보기입니다.',0,'2025-02-14 11:16:25','2025-02-14 11:16:25'),(33,9,'id 9의 1번째 보기입니다.',1,'2025-02-14 11:16:25','2025-02-14 11:16:25'),(34,9,'id 9의 2번째 보기입니다.',0,'2025-02-14 11:16:25','2025-02-14 11:16:25'),(35,9,'id 9의 3번째 보기입니다.',0,'2025-02-14 11:16:25','2025-02-14 11:16:25'),(36,9,'id 9의 4번째 보기입니다.',0,'2025-02-14 11:16:25','2025-02-14 11:16:25'),(37,10,'id 10의 1번째 보기입니다.',1,'2025-02-14 11:16:25','2025-02-14 11:16:25'),(38,10,'id 10의 2번째 보기입니다.',0,'2025-02-14 11:16:25','2025-02-14 11:16:25'),(39,10,'id 10의 3번째 보기입니다.',0,'2025-02-14 11:16:25','2025-02-14 11:16:25'),(40,10,'id 10의 4번째 보기입니다.',0,'2025-02-14 11:16:25','2025-02-14 11:16:25'),(41,11,'id 11의 1번째 보기입니다.',1,'2025-02-14 11:16:25','2025-02-14 11:16:25'),(42,11,'id 11의 2번째 보기입니다.',0,'2025-02-14 11:16:25','2025-02-14 11:16:25'),(43,11,'id 11의 3번째 보기입니다.',0,'2025-02-14 11:16:25','2025-02-14 11:16:25'),(44,11,'id 11의 4번째 보기입니다.',0,'2025-02-14 11:16:25','2025-02-14 11:16:25'),(45,12,'id 12의 1번째 보기입니다.',1,'2025-02-14 11:16:25','2025-02-14 11:16:25'),(46,12,'id 12의 2번째 보기입니다.',0,'2025-02-14 11:16:25','2025-02-14 11:16:25'),(47,12,'id 12의 3번째 보기입니다.',0,'2025-02-14 11:16:25','2025-02-14 11:16:25'),(48,12,'id 12의 4번째 보기입니다.',0,'2025-02-14 11:16:25','2025-02-14 11:16:25'),(49,13,'id 13의 1번째 보기입니다.',1,'2025-02-14 11:16:25','2025-02-14 11:16:25'),(50,13,'id 13의 2번째 보기입니다.',0,'2025-02-14 11:16:25','2025-02-14 11:16:25'),(51,13,'id 13의 3번째 보기입니다.',0,'2025-02-14 11:16:25','2025-02-14 11:16:25'),(52,13,'id 13의 4번째 보기입니다.',0,'2025-02-14 11:16:25','2025-02-14 11:16:25'),(53,14,'id 14의 1번째 보기입니다.',1,'2025-02-14 11:16:25','2025-02-14 11:16:25'),(54,14,'id 14의 2번째 보기입니다.',0,'2025-02-14 11:16:25','2025-02-14 11:16:25'),(55,14,'id 14의 3번째 보기입니다.',0,'2025-02-14 11:16:25','2025-02-14 11:16:25'),(56,14,'id 14의 4번째 보기입니다.',0,'2025-02-14 11:16:25','2025-02-14 11:16:25'),(57,15,'id 15의 1번째 보기입니다.',1,'2025-02-14 11:16:25','2025-02-14 11:16:25'),(58,15,'id 15의 2번째 보기입니다.',0,'2025-02-14 11:16:25','2025-02-14 11:16:25'),(59,15,'id 15의 3번째 보기입니다.',0,'2025-02-14 11:16:25','2025-02-14 11:16:25'),(60,15,'id 15의 4번째 보기입니다.',0,'2025-02-14 11:16:25','2025-02-14 11:16:25'),(61,16,'id 16의 1번째 보기입니다.',1,'2025-02-14 11:16:25','2025-02-14 11:16:25'),(62,16,'id 16의 2번째 보기입니다.',0,'2025-02-14 11:16:25','2025-02-14 11:16:25'),(63,16,'id 16의 3번째 보기입니다.',0,'2025-02-14 11:16:25','2025-02-14 11:16:25'),(64,16,'id 16의 4번째 보기입니다.',0,'2025-02-14 11:16:25','2025-02-14 11:16:25'),(65,17,'id 17의 1번째 보기입니다.',1,'2025-02-14 11:16:25','2025-02-14 11:16:25'),(66,17,'id 17의 2번째 보기입니다.',0,'2025-02-14 11:16:25','2025-02-14 11:16:25'),(67,17,'id 17의 3번째 보기입니다.',0,'2025-02-14 11:16:25','2025-02-14 11:16:25'),(68,17,'id 17의 4번째 보기입니다.',0,'2025-02-14 11:16:25','2025-02-14 11:16:25'),(69,18,'id 18의 1번째 보기입니다.',1,'2025-02-14 11:16:25','2025-02-14 11:16:25'),(70,18,'id 18의 2번째 보기입니다.',0,'2025-02-14 11:16:25','2025-02-14 11:16:25'),(71,18,'id 18의 3번째 보기입니다.',0,'2025-02-14 11:16:25','2025-02-14 11:16:25'),(72,18,'id 18의 4번째 보기입니다.',0,'2025-02-14 11:16:25','2025-02-14 11:16:25'),(73,19,'id 19의 1번째 보기입니다.',1,'2025-02-14 11:16:25','2025-02-14 11:16:25'),(74,19,'id 19의 2번째 보기입니다.',0,'2025-02-14 11:16:25','2025-02-14 11:16:25'),(75,19,'id 19의 3번째 보기입니다.',0,'2025-02-14 11:16:25','2025-02-14 11:16:25'),(76,19,'id 19의 4번째 보기입니다.',0,'2025-02-14 11:16:25','2025-02-14 11:16:25'),(77,20,'id 20의 1번째 보기입니다.',1,'2025-02-14 11:16:25','2025-02-14 11:16:25'),(78,20,'id 20의 2번째 보기입니다.',0,'2025-02-14 11:16:25','2025-02-14 11:16:25'),(79,20,'id 20의 3번째 보기입니다.',0,'2025-02-14 11:16:25','2025-02-14 11:16:25'),(80,20,'id 20의 4번째 보기입니다.',0,'2025-02-14 11:16:25','2025-02-14 11:16:25'),(81,21,'id 21의 1번째 보기입니다.',1,'2025-02-14 11:16:25','2025-02-14 11:16:25'),(82,21,'id 21의 2번째 보기입니다.',0,'2025-02-14 11:16:25','2025-02-14 11:16:25'),(83,21,'id 21의 3번째 보기입니다.',0,'2025-02-14 11:16:25','2025-02-14 11:16:25'),(84,21,'id 21의 4번째 보기입니다.',0,'2025-02-14 11:16:25','2025-02-14 11:16:25'),(85,22,'id 22의 1번째 보기입니다.',1,'2025-02-14 11:16:25','2025-02-14 11:16:25'),(86,22,'id 22의 2번째 보기입니다.',0,'2025-02-14 11:16:25','2025-02-14 11:16:25'),(87,22,'id 22의 3번째 보기입니다.',0,'2025-02-14 11:16:25','2025-02-14 11:16:25'),(88,22,'id 22의 4번째 보기입니다.',0,'2025-02-14 11:16:25','2025-02-14 11:16:25'),(89,23,'id 23의 1번째 보기입니다.',1,'2025-02-14 11:16:25','2025-02-14 11:16:25'),(90,23,'id 23의 2번째 보기입니다.',0,'2025-02-14 11:16:25','2025-02-14 11:16:25'),(91,23,'id 23의 3번째 보기입니다.',0,'2025-02-14 11:16:25','2025-02-14 11:16:25'),(92,23,'id 23의 4번째 보기입니다.',0,'2025-02-14 11:16:25','2025-02-14 11:16:25'),(93,24,'id 24의 1번째 보기입니다.',1,'2025-02-14 11:16:25','2025-02-14 11:16:25'),(94,24,'id 24의 2번째 보기입니다.',0,'2025-02-14 11:16:25','2025-02-14 11:16:25'),(95,24,'id 24의 3번째 보기입니다.',0,'2025-02-14 11:16:25','2025-02-14 11:16:25'),(96,24,'id 24의 4번째 보기입니다.',0,'2025-02-14 11:16:25','2025-02-14 11:16:25'),(97,25,'id 25의 1번째 보기입니다.',1,'2025-02-14 11:16:25','2025-02-14 11:16:25'),(98,25,'id 25의 2번째 보기입니다.',0,'2025-02-14 11:16:25','2025-02-14 11:16:25'),(99,25,'id 25의 3번째 보기입니다.',0,'2025-02-14 11:16:25','2025-02-14 11:16:25'),(100,25,'id 25의 4번째 보기입니다.',0,'2025-02-14 11:16:25','2025-02-14 11:16:25'),(101,26,'id 26의 1번째 보기입니다.',1,'2025-02-14 11:16:25','2025-02-14 11:16:25'),(102,26,'id 26의 2번째 보기입니다.',0,'2025-02-14 11:16:25','2025-02-14 11:16:25'),(103,26,'id 26의 3번째 보기입니다.',0,'2025-02-14 11:16:25','2025-02-14 11:16:25'),(104,26,'id 26의 4번째 보기입니다.',0,'2025-02-14 11:16:25','2025-02-14 11:16:25'),(105,27,'id 27의 1번째 보기입니다.',1,'2025-02-14 11:16:25','2025-02-14 11:16:25'),(106,27,'id 27의 2번째 보기입니다.',0,'2025-02-14 11:16:25','2025-02-14 11:16:25'),(107,27,'id 27의 3번째 보기입니다.',0,'2025-02-14 11:16:25','2025-02-14 11:16:25'),(108,27,'id 27의 4번째 보기입니다.',0,'2025-02-14 11:16:25','2025-02-14 11:16:25'),(109,28,'id 28의 1번째 보기입니다.',1,'2025-02-14 11:16:25','2025-02-14 11:16:25'),(110,28,'id 28의 2번째 보기입니다.',0,'2025-02-14 11:16:25','2025-02-14 11:16:25'),(111,28,'id 28의 3번째 보기입니다.',0,'2025-02-14 11:16:25','2025-02-14 11:16:25'),(112,28,'id 28의 4번째 보기입니다.',0,'2025-02-14 11:16:25','2025-02-14 11:16:25'),(113,29,'id 29의 1번째 보기입니다.',1,'2025-02-14 11:16:25','2025-02-14 11:16:25'),(114,29,'id 29의 2번째 보기입니다.',0,'2025-02-14 11:16:25','2025-02-14 11:16:25'),(115,29,'id 29의 3번째 보기입니다.',0,'2025-02-14 11:16:25','2025-02-14 11:16:25'),(116,29,'id 29의 4번째 보기입니다.',0,'2025-02-14 11:16:25','2025-02-14 11:16:25'),(117,30,'id 30의 1번째 보기입니다.',1,'2025-02-14 11:16:25','2025-02-14 11:16:25'),(118,30,'id 30의 2번째 보기입니다.',0,'2025-02-14 11:16:25','2025-02-14 11:16:25'),(119,30,'id 30의 3번째 보기입니다.',0,'2025-02-14 11:16:25','2025-02-14 11:16:25'),(120,30,'id 30의 4번째 보기입니다.',0,'2025-02-14 11:16:25','2025-02-14 11:16:25'),(121,31,'id 31의 1번째 보기입니다.',1,'2025-02-14 11:16:25','2025-02-14 11:16:25'),(122,31,'id 31의 2번째 보기입니다.',0,'2025-02-14 11:16:25','2025-02-14 11:16:25'),(123,31,'id 31의 3번째 보기입니다.',0,'2025-02-14 11:16:25','2025-02-14 11:16:25'),(124,31,'id 31의 4번째 보기입니다.',0,'2025-02-14 11:16:25','2025-02-14 11:16:25'),(125,32,'id 32의 1번째 보기입니다.',1,'2025-02-14 11:16:25','2025-02-14 11:16:25'),(126,32,'id 32의 2번째 보기입니다.',0,'2025-02-14 11:16:25','2025-02-14 11:16:25'),(127,32,'id 32의 3번째 보기입니다.',0,'2025-02-14 11:16:25','2025-02-14 11:16:25'),(128,32,'id 32의 4번째 보기입니다.',0,'2025-02-14 11:16:25','2025-02-14 11:16:25'),(129,33,'id 33의 1번째 보기입니다.',1,'2025-02-14 11:16:25','2025-02-14 11:16:25'),(130,33,'id 33의 2번째 보기입니다.',0,'2025-02-14 11:16:25','2025-02-14 11:16:25'),(131,33,'id 33의 3번째 보기입니다.',0,'2025-02-14 11:16:25','2025-02-14 11:16:25'),(132,33,'id 33의 4번째 보기입니다.',0,'2025-02-14 11:16:25','2025-02-14 11:16:25'),(133,34,'id 34의 1번째 보기입니다.',1,'2025-02-14 11:16:25','2025-02-14 11:16:25'),(134,34,'id 34의 2번째 보기입니다.',0,'2025-02-14 11:16:25','2025-02-14 11:16:25'),(135,34,'id 34의 3번째 보기입니다.',0,'2025-02-14 11:16:25','2025-02-14 11:16:25'),(136,34,'id 34의 4번째 보기입니다.',0,'2025-02-14 11:16:25','2025-02-14 11:16:25'),(137,35,'id 35의 1번째 보기입니다.',1,'2025-02-14 11:16:25','2025-02-14 11:16:25'),(138,35,'id 35의 2번째 보기입니다.',0,'2025-02-14 11:16:25','2025-02-14 11:16:25'),(139,35,'id 35의 3번째 보기입니다.',0,'2025-02-14 11:16:25','2025-02-14 11:16:25'),(140,35,'id 35의 4번째 보기입니다.',0,'2025-02-14 11:16:25','2025-02-14 11:16:25'),(141,36,'id 36의 1번째 보기입니다.',1,'2025-02-14 11:16:25','2025-02-14 11:16:25'),(142,36,'id 36의 2번째 보기입니다.',0,'2025-02-14 11:16:25','2025-02-14 11:16:25'),(143,36,'id 36의 3번째 보기입니다.',0,'2025-02-14 11:16:25','2025-02-14 11:16:25'),(144,36,'id 36의 4번째 보기입니다.',0,'2025-02-14 11:16:25','2025-02-14 11:16:25'),(145,37,'id 37의 1번째 보기입니다.',1,'2025-02-14 11:16:25','2025-02-14 11:16:25'),(146,37,'id 37의 2번째 보기입니다.',0,'2025-02-14 11:16:25','2025-02-14 11:16:25'),(147,37,'id 37의 3번째 보기입니다.',0,'2025-02-14 11:16:25','2025-02-14 11:16:25'),(148,37,'id 37의 4번째 보기입니다.',0,'2025-02-14 11:16:25','2025-02-14 11:16:25'),(149,38,'id 38의 1번째 보기입니다.',1,'2025-02-14 11:16:25','2025-02-14 11:16:25'),(150,38,'id 38의 2번째 보기입니다.',0,'2025-02-14 11:16:25','2025-02-14 11:16:25'),(151,38,'id 38의 3번째 보기입니다.',0,'2025-02-14 11:16:25','2025-02-14 11:16:25'),(152,38,'id 38의 4번째 보기입니다.',0,'2025-02-14 11:16:25','2025-02-14 11:16:25'),(153,39,'id 39의 1번째 보기입니다.',1,'2025-02-14 11:16:25','2025-02-14 11:16:25'),(154,39,'id 39의 2번째 보기입니다.',0,'2025-02-14 11:16:25','2025-02-14 11:16:25'),(155,39,'id 39의 3번째 보기입니다.',0,'2025-02-14 11:16:25','2025-02-14 11:16:25'),(156,39,'id 39의 4번째 보기입니다.',0,'2025-02-14 11:16:25','2025-02-14 11:16:25'),(157,40,'id 40의 1번째 보기입니다.',1,'2025-02-14 11:16:25','2025-02-14 11:16:25'),(158,40,'id 40의 2번째 보기입니다.',0,'2025-02-14 11:16:25','2025-02-14 11:16:25'),(159,40,'id 40의 3번째 보기입니다.',0,'2025-02-14 11:16:25','2025-02-14 11:16:25'),(160,40,'id 40의 4번째 보기입니다.',0,'2025-02-14 11:16:25','2025-02-14 11:16:25'),(161,41,'id 41의 1번째 보기입니다.',1,'2025-02-14 11:16:25','2025-02-14 11:16:25'),(162,41,'id 41의 2번째 보기입니다.',0,'2025-02-14 11:16:25','2025-02-14 11:16:25'),(163,41,'id 41의 3번째 보기입니다.',0,'2025-02-14 11:16:25','2025-02-14 11:16:25'),(164,41,'id 41의 4번째 보기입니다.',0,'2025-02-14 11:16:25','2025-02-14 11:16:25'),(165,42,'id 42의 1번째 보기입니다.',1,'2025-02-14 11:16:25','2025-02-14 11:16:25'),(166,42,'id 42의 2번째 보기입니다.',0,'2025-02-14 11:16:25','2025-02-14 11:16:25'),(167,42,'id 42의 3번째 보기입니다.',0,'2025-02-14 11:16:25','2025-02-14 11:16:25'),(168,42,'id 42의 4번째 보기입니다.',0,'2025-02-14 11:16:25','2025-02-14 11:16:25'),(169,43,'id 43의 1번째 보기입니다.',1,'2025-02-14 11:16:25','2025-02-14 11:16:25'),(170,43,'id 43의 2번째 보기입니다.',0,'2025-02-14 11:16:25','2025-02-14 11:16:25'),(171,43,'id 43의 3번째 보기입니다.',0,'2025-02-14 11:16:25','2025-02-14 11:16:25'),(172,43,'id 43의 4번째 보기입니다.',0,'2025-02-14 11:16:25','2025-02-14 11:16:25'),(173,44,'id 44의 1번째 보기입니다.',1,'2025-02-14 11:16:25','2025-02-14 11:16:25'),(174,44,'id 44의 2번째 보기입니다.',0,'2025-02-14 11:16:25','2025-02-14 11:16:25'),(175,44,'id 44의 3번째 보기입니다.',0,'2025-02-14 11:16:25','2025-02-14 11:16:25'),(176,44,'id 44의 4번째 보기입니다.',0,'2025-02-14 11:16:25','2025-02-14 11:16:25'),(177,45,'id 45의 1번째 보기입니다.',1,'2025-02-14 11:16:25','2025-02-14 11:16:25'),(178,45,'id 45의 2번째 보기입니다.',0,'2025-02-14 11:16:25','2025-02-14 11:16:25'),(179,45,'id 45의 3번째 보기입니다.',0,'2025-02-14 11:16:25','2025-02-14 11:16:25'),(180,45,'id 45의 4번째 보기입니다.',0,'2025-02-14 11:16:25','2025-02-14 11:16:25'),(181,46,'id 46의 1번째 보기입니다.',1,'2025-02-14 11:16:25','2025-02-14 11:16:25'),(182,46,'id 46의 2번째 보기입니다.',0,'2025-02-14 11:16:25','2025-02-14 11:16:25'),(183,46,'id 46의 3번째 보기입니다.',0,'2025-02-14 11:16:25','2025-02-14 11:16:25'),(184,46,'id 46의 4번째 보기입니다.',0,'2025-02-14 11:16:25','2025-02-14 11:16:25'),(185,47,'id 47의 1번째 보기입니다.',1,'2025-02-14 11:16:25','2025-02-14 11:16:25'),(186,47,'id 47의 2번째 보기입니다.',0,'2025-02-14 11:16:25','2025-02-14 11:16:25'),(187,47,'id 47의 3번째 보기입니다.',0,'2025-02-14 11:16:25','2025-02-14 11:16:25'),(188,47,'id 47의 4번째 보기입니다.',0,'2025-02-14 11:16:25','2025-02-14 11:16:25'),(189,48,'id 48의 1번째 보기입니다.',1,'2025-02-14 11:16:25','2025-02-14 11:16:25'),(190,48,'id 48의 2번째 보기입니다.',0,'2025-02-14 11:16:25','2025-02-14 11:16:25'),(191,48,'id 48의 3번째 보기입니다.',0,'2025-02-14 11:16:25','2025-02-14 11:16:25'),(192,48,'id 48의 4번째 보기입니다.',0,'2025-02-14 11:16:25','2025-02-14 11:16:25'),(193,49,'id 49의 1번째 보기입니다.',1,'2025-02-14 11:16:25','2025-02-14 11:16:25'),(194,49,'id 49의 2번째 보기입니다.',0,'2025-02-14 11:16:25','2025-02-14 11:16:25'),(195,49,'id 49의 3번째 보기입니다.',0,'2025-02-14 11:16:25','2025-02-14 11:16:25'),(196,49,'id 49의 4번째 보기입니다.',0,'2025-02-14 11:16:25','2025-02-14 11:16:25'),(197,50,'id 50의 1번째 보기입니다.',1,'2025-02-14 11:16:25','2025-02-14 11:16:25'),(198,50,'id 50의 2번째 보기입니다.',0,'2025-02-14 11:16:25','2025-02-14 11:16:25'),(199,50,'id 50의 3번째 보기입니다.',0,'2025-02-14 11:16:25','2025-02-14 11:16:25'),(200,50,'id 50의 4번째 보기입니다.',0,'2025-02-14 11:16:25','2025-02-14 11:16:25'),(201,51,'id 51의 1번째 보기입니다.',1,'2025-02-14 11:16:25','2025-02-14 11:16:25'),(202,51,'id 51의 2번째 보기입니다.',0,'2025-02-14 11:16:25','2025-02-14 11:16:25'),(203,51,'id 51의 3번째 보기입니다.',0,'2025-02-14 11:16:25','2025-02-14 11:16:25'),(204,51,'id 51의 4번째 보기입니다.',0,'2025-02-14 11:16:25','2025-02-14 11:16:25'),(205,52,'id 52의 1번째 보기입니다.',1,'2025-02-14 11:16:25','2025-02-14 11:16:25'),(206,52,'id 52의 2번째 보기입니다.',0,'2025-02-14 11:16:25','2025-02-14 11:16:25'),(207,52,'id 52의 3번째 보기입니다.',0,'2025-02-14 11:16:25','2025-02-14 11:16:25'),(208,52,'id 52의 4번째 보기입니다.',0,'2025-02-14 11:16:25','2025-02-14 11:16:25'),(209,53,'id 53의 1번째 보기입니다.',1,'2025-02-14 11:16:25','2025-02-14 11:16:25'),(210,53,'id 53의 2번째 보기입니다.',0,'2025-02-14 11:16:25','2025-02-14 11:16:25'),(211,53,'id 53의 3번째 보기입니다.',0,'2025-02-14 11:16:25','2025-02-14 11:16:25'),(212,53,'id 53의 4번째 보기입니다.',0,'2025-02-14 11:16:25','2025-02-14 11:16:25'),(213,54,'id 54의 1번째 보기입니다.',1,'2025-02-14 11:16:25','2025-02-14 11:16:25'),(214,54,'id 54의 2번째 보기입니다.',0,'2025-02-14 11:16:25','2025-02-14 11:16:25'),(215,54,'id 54의 3번째 보기입니다.',0,'2025-02-14 11:16:25','2025-02-14 11:16:25'),(216,54,'id 54의 4번째 보기입니다.',0,'2025-02-14 11:16:25','2025-02-14 11:16:25'),(217,55,'id 55의 1번째 보기입니다.',1,'2025-02-14 11:16:25','2025-02-14 11:16:25'),(218,55,'id 55의 2번째 보기입니다.',0,'2025-02-14 11:16:25','2025-02-14 11:16:25'),(219,55,'id 55의 3번째 보기입니다.',0,'2025-02-14 11:16:25','2025-02-14 11:16:25'),(220,55,'id 55의 4번째 보기입니다.',0,'2025-02-14 11:16:25','2025-02-14 11:16:25'),(221,56,'id 56의 1번째 보기입니다.',1,'2025-02-14 11:16:25','2025-02-14 11:16:25'),(222,56,'id 56의 2번째 보기입니다.',0,'2025-02-14 11:16:25','2025-02-14 11:16:25'),(223,56,'id 56의 3번째 보기입니다.',0,'2025-02-14 11:16:25','2025-02-14 11:16:25'),(224,56,'id 56의 4번째 보기입니다.',0,'2025-02-14 11:16:25','2025-02-14 11:16:25'),(225,57,'id 57의 1번째 보기입니다.',1,'2025-02-14 11:16:25','2025-02-14 11:16:25'),(226,57,'id 57의 2번째 보기입니다.',0,'2025-02-14 11:16:25','2025-02-14 11:16:25'),(227,57,'id 57의 3번째 보기입니다.',0,'2025-02-14 11:16:25','2025-02-14 11:16:25'),(228,57,'id 57의 4번째 보기입니다.',0,'2025-02-14 11:16:25','2025-02-14 11:16:25'),(229,58,'id 58의 1번째 보기입니다.',1,'2025-02-14 11:16:25','2025-02-14 11:16:25'),(230,58,'id 58의 2번째 보기입니다.',0,'2025-02-14 11:16:25','2025-02-14 11:16:25'),(231,58,'id 58의 3번째 보기입니다.',0,'2025-02-14 11:16:25','2025-02-14 11:16:25'),(232,58,'id 58의 4번째 보기입니다.',0,'2025-02-14 11:16:25','2025-02-14 11:16:25'),(233,59,'id 59의 1번째 보기입니다.',1,'2025-02-14 11:16:25','2025-02-14 11:16:25'),(234,59,'id 59의 2번째 보기입니다.',0,'2025-02-14 11:16:25','2025-02-14 11:16:25'),(235,59,'id 59의 3번째 보기입니다.',0,'2025-02-14 11:16:25','2025-02-14 11:16:25'),(236,59,'id 59의 4번째 보기입니다.',0,'2025-02-14 11:16:25','2025-02-14 11:16:25'),(237,60,'id 60의 1번째 보기입니다.',1,'2025-02-14 11:16:25','2025-02-14 11:16:25'),(238,60,'id 60의 2번째 보기입니다.',0,'2025-02-14 11:16:25','2025-02-14 11:16:25'),(239,60,'id 60의 3번째 보기입니다.',0,'2025-02-14 11:16:25','2025-02-14 11:16:25'),(240,60,'id 60의 4번째 보기입니다.',0,'2025-02-14 11:16:25','2025-02-14 11:16:25'),(241,61,'id 61의 1번째 보기입니다.',1,'2025-02-14 11:16:25','2025-02-14 11:16:25'),(242,61,'id 61의 2번째 보기입니다.',0,'2025-02-14 11:16:25','2025-02-14 11:16:25'),(243,61,'id 61의 3번째 보기입니다.',0,'2025-02-14 11:16:25','2025-02-14 11:16:25'),(244,61,'id 61의 4번째 보기입니다.',0,'2025-02-14 11:16:25','2025-02-14 11:16:25'),(245,62,'id 62의 1번째 보기입니다.',1,'2025-02-14 11:16:25','2025-02-14 11:16:25'),(246,62,'id 62의 2번째 보기입니다.',0,'2025-02-14 11:16:25','2025-02-14 11:16:25'),(247,62,'id 62의 3번째 보기입니다.',0,'2025-02-14 11:16:25','2025-02-14 11:16:25'),(248,62,'id 62의 4번째 보기입니다.',0,'2025-02-14 11:16:25','2025-02-14 11:16:25'),(249,63,'id 63의 1번째 보기입니다.',1,'2025-02-14 11:16:25','2025-02-14 11:16:25'),(250,63,'id 63의 2번째 보기입니다.',0,'2025-02-14 11:16:25','2025-02-14 11:16:25'),(251,63,'id 63의 3번째 보기입니다.',0,'2025-02-14 11:16:25','2025-02-14 11:16:25'),(252,63,'id 63의 4번째 보기입니다.',0,'2025-02-14 11:16:25','2025-02-14 11:16:25'),(253,64,'id 64의 1번째 보기입니다.',1,'2025-02-14 11:16:25','2025-02-14 11:16:25'),(254,64,'id 64의 2번째 보기입니다.',0,'2025-02-14 11:16:25','2025-02-14 11:16:25'),(255,64,'id 64의 3번째 보기입니다.',0,'2025-02-14 11:16:25','2025-02-14 11:16:25'),(256,64,'id 64의 4번째 보기입니다.',0,'2025-02-14 11:16:25','2025-02-14 11:16:25'),(257,65,'id 65의 1번째 보기입니다.',1,'2025-02-14 11:16:25','2025-02-14 11:16:25'),(258,65,'id 65의 2번째 보기입니다.',0,'2025-02-14 11:16:25','2025-02-14 11:16:25'),(259,65,'id 65의 3번째 보기입니다.',0,'2025-02-14 11:16:25','2025-02-14 11:16:25'),(260,65,'id 65의 4번째 보기입니다.',0,'2025-02-14 11:16:25','2025-02-14 11:16:25'),(261,66,'id 66의 1번째 보기입니다.',1,'2025-02-14 11:16:25','2025-02-14 11:16:25'),(262,66,'id 66의 2번째 보기입니다.',0,'2025-02-14 11:16:25','2025-02-14 11:16:25'),(263,66,'id 66의 3번째 보기입니다.',0,'2025-02-14 11:16:25','2025-02-14 11:16:25'),(264,66,'id 66의 4번째 보기입니다.',0,'2025-02-14 11:16:25','2025-02-14 11:16:25'),(265,67,'id 67의 1번째 보기입니다.',1,'2025-02-14 11:16:25','2025-02-14 11:16:25'),(266,67,'id 67의 2번째 보기입니다.',0,'2025-02-14 11:16:25','2025-02-14 11:16:25'),(267,67,'id 67의 3번째 보기입니다.',0,'2025-02-14 11:16:25','2025-02-14 11:16:25'),(268,67,'id 67의 4번째 보기입니다.',0,'2025-02-14 11:16:25','2025-02-14 11:16:25'),(269,68,'id 68의 1번째 보기입니다.',1,'2025-02-14 11:16:25','2025-02-14 11:16:25'),(270,68,'id 68의 2번째 보기입니다.',0,'2025-02-14 11:16:25','2025-02-14 11:16:25'),(271,68,'id 68의 3번째 보기입니다.',0,'2025-02-14 11:16:25','2025-02-14 11:16:25'),(272,68,'id 68의 4번째 보기입니다.',0,'2025-02-14 11:16:25','2025-02-14 11:16:25'),(273,69,'id 69의 1번째 보기입니다.',1,'2025-02-14 11:16:25','2025-02-14 11:16:25'),(274,69,'id 69의 2번째 보기입니다.',0,'2025-02-14 11:16:25','2025-02-14 11:16:25'),(275,69,'id 69의 3번째 보기입니다.',0,'2025-02-14 11:16:25','2025-02-14 11:16:25'),(276,69,'id 69의 4번째 보기입니다.',0,'2025-02-14 11:16:25','2025-02-14 11:16:25'),(277,70,'id 70의 1번째 보기입니다.',1,'2025-02-14 11:16:25','2025-02-14 11:16:25'),(278,70,'id 70의 2번째 보기입니다.',0,'2025-02-14 11:16:25','2025-02-14 11:16:25'),(279,70,'id 70의 3번째 보기입니다.',0,'2025-02-14 11:16:25','2025-02-14 11:16:25'),(280,70,'id 70의 4번째 보기입니다.',0,'2025-02-14 11:16:25','2025-02-14 11:16:25'),(281,71,'id 71의 1번째 보기입니다.',1,'2025-02-14 11:16:25','2025-02-14 11:16:25'),(282,71,'id 71의 2번째 보기입니다.',0,'2025-02-14 11:16:25','2025-02-14 11:16:25'),(283,71,'id 71의 3번째 보기입니다.',0,'2025-02-14 11:16:25','2025-02-14 11:16:25'),(284,71,'id 71의 4번째 보기입니다.',0,'2025-02-14 11:16:25','2025-02-14 11:16:25'),(285,72,'id 72의 1번째 보기입니다.',1,'2025-02-14 11:16:25','2025-02-14 11:16:25'),(286,72,'id 72의 2번째 보기입니다.',0,'2025-02-14 11:16:25','2025-02-14 11:16:25'),(287,72,'id 72의 3번째 보기입니다.',0,'2025-02-14 11:16:25','2025-02-14 11:16:25'),(288,72,'id 72의 4번째 보기입니다.',0,'2025-02-14 11:16:25','2025-02-14 11:16:25'),(289,73,'id 73의 1번째 보기입니다.',1,'2025-02-14 11:16:25','2025-02-14 11:16:25'),(290,73,'id 73의 2번째 보기입니다.',0,'2025-02-14 11:16:25','2025-02-14 11:16:25'),(291,73,'id 73의 3번째 보기입니다.',0,'2025-02-14 11:16:25','2025-02-14 11:16:25'),(292,73,'id 73의 4번째 보기입니다.',0,'2025-02-14 11:16:25','2025-02-14 11:16:25'),(293,74,'id 74의 1번째 보기입니다.',1,'2025-02-14 11:16:25','2025-02-14 11:16:25'),(294,74,'id 74의 2번째 보기입니다.',0,'2025-02-14 11:16:25','2025-02-14 11:16:25'),(295,74,'id 74의 3번째 보기입니다.',0,'2025-02-14 11:16:25','2025-02-14 11:16:25'),(296,74,'id 74의 4번째 보기입니다.',0,'2025-02-14 11:16:25','2025-02-14 11:16:25'),(297,75,'id 75의 1번째 보기입니다.',1,'2025-02-14 11:16:25','2025-02-14 11:16:25'),(298,75,'id 75의 2번째 보기입니다.',0,'2025-02-14 11:16:25','2025-02-14 11:16:25'),(299,75,'id 75의 3번째 보기입니다.',0,'2025-02-14 11:16:25','2025-02-14 11:16:25'),(300,75,'id 75의 4번째 보기입니다.',0,'2025-02-14 11:16:25','2025-02-14 11:16:25'),(301,76,'id 76의 1번째 보기입니다.',1,'2025-02-14 11:16:25','2025-02-14 11:16:25'),(302,76,'id 76의 2번째 보기입니다.',0,'2025-02-14 11:16:25','2025-02-14 11:16:25'),(303,76,'id 76의 3번째 보기입니다.',0,'2025-02-14 11:16:25','2025-02-14 11:16:25'),(304,76,'id 76의 4번째 보기입니다.',0,'2025-02-14 11:16:25','2025-02-14 11:16:25'),(305,77,'id 77의 1번째 보기입니다.',1,'2025-02-14 11:16:25','2025-02-14 11:16:25'),(306,77,'id 77의 2번째 보기입니다.',0,'2025-02-14 11:16:25','2025-02-14 11:16:25'),(307,77,'id 77의 3번째 보기입니다.',0,'2025-02-14 11:16:25','2025-02-14 11:16:25'),(308,77,'id 77의 4번째 보기입니다.',0,'2025-02-14 11:16:25','2025-02-14 11:16:25'),(309,78,'id 78의 1번째 보기입니다.',1,'2025-02-14 11:16:25','2025-02-14 11:16:25'),(310,78,'id 78의 2번째 보기입니다.',0,'2025-02-14 11:16:25','2025-02-14 11:16:25'),(311,78,'id 78의 3번째 보기입니다.',0,'2025-02-14 11:16:25','2025-02-14 11:16:25'),(312,78,'id 78의 4번째 보기입니다.',0,'2025-02-14 11:16:25','2025-02-14 11:16:25'),(313,79,'id 79의 1번째 보기입니다.',1,'2025-02-14 11:16:25','2025-02-14 11:16:25'),(314,79,'id 79의 2번째 보기입니다.',0,'2025-02-14 11:16:25','2025-02-14 11:16:25'),(315,79,'id 79의 3번째 보기입니다.',0,'2025-02-14 11:16:25','2025-02-14 11:16:25'),(316,79,'id 79의 4번째 보기입니다.',0,'2025-02-14 11:16:25','2025-02-14 11:16:25'),(317,80,'id 80의 1번째 보기입니다.',1,'2025-02-14 11:16:25','2025-02-14 11:16:25'),(318,80,'id 80의 2번째 보기입니다.',0,'2025-02-14 11:16:25','2025-02-14 11:16:25'),(319,80,'id 80의 3번째 보기입니다.',0,'2025-02-14 11:16:25','2025-02-14 11:16:25'),(320,80,'id 80의 4번째 보기입니다.',0,'2025-02-14 11:16:25','2025-02-14 11:16:25'),(321,81,'id 81의 1번째 보기입니다.',1,'2025-02-14 11:16:25','2025-02-14 11:16:25'),(322,81,'id 81의 2번째 보기입니다.',0,'2025-02-14 11:16:25','2025-02-14 11:16:25'),(323,81,'id 81의 3번째 보기입니다.',0,'2025-02-14 11:16:25','2025-02-14 11:16:25'),(324,81,'id 81의 4번째 보기입니다.',0,'2025-02-14 11:16:25','2025-02-14 11:16:25'),(325,82,'id 82의 1번째 보기입니다.',1,'2025-02-14 11:16:25','2025-02-14 11:16:25'),(326,82,'id 82의 2번째 보기입니다.',0,'2025-02-14 11:16:25','2025-02-14 11:16:25'),(327,82,'id 82의 3번째 보기입니다.',0,'2025-02-14 11:16:25','2025-02-14 11:16:25'),(328,82,'id 82의 4번째 보기입니다.',0,'2025-02-14 11:16:25','2025-02-14 11:16:25'),(329,83,'id 83의 1번째 보기입니다.',1,'2025-02-14 11:16:25','2025-02-14 11:16:25'),(330,83,'id 83의 2번째 보기입니다.',0,'2025-02-14 11:16:25','2025-02-14 11:16:25'),(331,83,'id 83의 3번째 보기입니다.',0,'2025-02-14 11:16:25','2025-02-14 11:16:25'),(332,83,'id 83의 4번째 보기입니다.',0,'2025-02-14 11:16:25','2025-02-14 11:16:25'),(333,84,'id 84의 1번째 보기입니다.',1,'2025-02-14 11:16:25','2025-02-14 11:16:25'),(334,84,'id 84의 2번째 보기입니다.',0,'2025-02-14 11:16:25','2025-02-14 11:16:25'),(335,84,'id 84의 3번째 보기입니다.',0,'2025-02-14 11:16:25','2025-02-14 11:16:25'),(336,84,'id 84의 4번째 보기입니다.',0,'2025-02-14 11:16:25','2025-02-14 11:16:25'),(337,85,'id 85의 1번째 보기입니다.',1,'2025-02-14 11:16:25','2025-02-14 11:16:25'),(338,85,'id 85의 2번째 보기입니다.',0,'2025-02-14 11:16:25','2025-02-14 11:16:25'),(339,85,'id 85의 3번째 보기입니다.',0,'2025-02-14 11:16:25','2025-02-14 11:16:25'),(340,85,'id 85의 4번째 보기입니다.',0,'2025-02-14 11:16:25','2025-02-14 11:16:25'),(341,86,'id 86의 1번째 보기입니다.',1,'2025-02-14 11:16:25','2025-02-14 11:16:25'),(342,86,'id 86의 2번째 보기입니다.',0,'2025-02-14 11:16:25','2025-02-14 11:16:25'),(343,86,'id 86의 3번째 보기입니다.',0,'2025-02-14 11:16:25','2025-02-14 11:16:25'),(344,86,'id 86의 4번째 보기입니다.',0,'2025-02-14 11:16:25','2025-02-14 11:16:25'),(345,87,'id 87의 1번째 보기입니다.',1,'2025-02-14 11:16:25','2025-02-14 11:16:25'),(346,87,'id 87의 2번째 보기입니다.',0,'2025-02-14 11:16:25','2025-02-14 11:16:25'),(347,87,'id 87의 3번째 보기입니다.',0,'2025-02-14 11:16:25','2025-02-14 11:16:25'),(348,87,'id 87의 4번째 보기입니다.',0,'2025-02-14 11:16:25','2025-02-14 11:16:25'),(349,88,'id 88의 1번째 보기입니다.',1,'2025-02-14 11:16:25','2025-02-14 11:16:25'),(350,88,'id 88의 2번째 보기입니다.',0,'2025-02-14 11:16:25','2025-02-14 11:16:25'),(351,88,'id 88의 3번째 보기입니다.',0,'2025-02-14 11:16:25','2025-02-14 11:16:25'),(352,88,'id 88의 4번째 보기입니다.',0,'2025-02-14 11:16:25','2025-02-14 11:16:25'),(353,89,'id 89의 1번째 보기입니다.',1,'2025-02-14 11:16:25','2025-02-14 11:16:25'),(354,89,'id 89의 2번째 보기입니다.',0,'2025-02-14 11:16:25','2025-02-14 11:16:25'),(355,89,'id 89의 3번째 보기입니다.',0,'2025-02-14 11:16:25','2025-02-14 11:16:25'),(356,89,'id 89의 4번째 보기입니다.',0,'2025-02-14 11:16:25','2025-02-14 11:16:25'),(357,90,'id 90의 1번째 보기입니다.',1,'2025-02-14 11:16:25','2025-02-14 11:16:25'),(358,90,'id 90의 2번째 보기입니다.',0,'2025-02-14 11:16:25','2025-02-14 11:16:25'),(359,90,'id 90의 3번째 보기입니다.',0,'2025-02-14 11:16:25','2025-02-14 11:16:25'),(360,90,'id 90의 4번째 보기입니다.',0,'2025-02-14 11:16:25','2025-02-14 11:16:25'),(361,91,'id 91의 1번째 보기입니다.',1,'2025-02-14 11:16:25','2025-02-14 11:16:25'),(362,91,'id 91의 2번째 보기입니다.',0,'2025-02-14 11:16:25','2025-02-14 11:16:25'),(363,91,'id 91의 3번째 보기입니다.',0,'2025-02-14 11:16:25','2025-02-14 11:16:25'),(364,91,'id 91의 4번째 보기입니다.',0,'2025-02-14 11:16:25','2025-02-14 11:16:25'),(365,92,'id 92의 1번째 보기입니다.',1,'2025-02-14 11:16:25','2025-02-14 11:16:25'),(366,92,'id 92의 2번째 보기입니다.',0,'2025-02-14 11:16:25','2025-02-14 11:16:25'),(367,92,'id 92의 3번째 보기입니다.',0,'2025-02-14 11:16:25','2025-02-14 11:16:25'),(368,92,'id 92의 4번째 보기입니다.',0,'2025-02-14 11:16:25','2025-02-14 11:16:25'),(369,93,'id 93의 1번째 보기입니다.',1,'2025-02-14 11:16:25','2025-02-14 11:16:25'),(370,93,'id 93의 2번째 보기입니다.',0,'2025-02-14 11:16:25','2025-02-14 11:16:25'),(371,93,'id 93의 3번째 보기입니다.',0,'2025-02-14 11:16:25','2025-02-14 11:16:25'),(372,93,'id 93의 4번째 보기입니다.',0,'2025-02-14 11:16:25','2025-02-14 11:16:25'),(373,94,'id 94의 1번째 보기입니다.',1,'2025-02-14 11:16:25','2025-02-14 11:16:25'),(374,94,'id 94의 2번째 보기입니다.',0,'2025-02-14 11:16:25','2025-02-14 11:16:25'),(375,94,'id 94의 3번째 보기입니다.',0,'2025-02-14 11:16:25','2025-02-14 11:16:25'),(376,94,'id 94의 4번째 보기입니다.',0,'2025-02-14 11:16:25','2025-02-14 11:16:25'),(377,95,'id 95의 1번째 보기입니다.',1,'2025-02-14 11:16:25','2025-02-14 11:16:25'),(378,95,'id 95의 2번째 보기입니다.',0,'2025-02-14 11:16:25','2025-02-14 11:16:25'),(379,95,'id 95의 3번째 보기입니다.',0,'2025-02-14 11:16:25','2025-02-14 11:16:25'),(380,95,'id 95의 4번째 보기입니다.',0,'2025-02-14 11:16:25','2025-02-14 11:16:25'),(381,96,'id 96의 1번째 보기입니다.',1,'2025-02-14 11:16:25','2025-02-14 11:16:25'),(382,96,'id 96의 2번째 보기입니다.',0,'2025-02-14 11:16:25','2025-02-14 11:16:25'),(383,96,'id 96의 3번째 보기입니다.',0,'2025-02-14 11:16:25','2025-02-14 11:16:25'),(384,96,'id 96의 4번째 보기입니다.',0,'2025-02-14 11:16:25','2025-02-14 11:16:25'),(385,97,'id 97의 1번째 보기입니다.',1,'2025-02-14 11:16:25','2025-02-14 11:16:25'),(386,97,'id 97의 2번째 보기입니다.',0,'2025-02-14 11:16:25','2025-02-14 11:16:25'),(387,97,'id 97의 3번째 보기입니다.',0,'2025-02-14 11:16:25','2025-02-14 11:16:25'),(388,97,'id 97의 4번째 보기입니다.',0,'2025-02-14 11:16:25','2025-02-14 11:16:25'),(389,98,'id 98의 1번째 보기입니다.',1,'2025-02-14 11:16:25','2025-02-14 11:16:25'),(390,98,'id 98의 2번째 보기입니다.',0,'2025-02-14 11:16:25','2025-02-14 11:16:25'),(391,98,'id 98의 3번째 보기입니다.',0,'2025-02-14 11:16:25','2025-02-14 11:16:25'),(392,98,'id 98의 4번째 보기입니다.',0,'2025-02-14 11:16:25','2025-02-14 11:16:25'),(393,99,'id 99의 1번째 보기입니다.',1,'2025-02-14 11:16:25','2025-02-14 11:16:25'),(394,99,'id 99의 2번째 보기입니다.',0,'2025-02-14 11:16:25','2025-02-14 11:16:25'),(395,99,'id 99의 3번째 보기입니다.',0,'2025-02-14 11:16:25','2025-02-14 11:16:25'),(396,99,'id 99의 4번째 보기입니다.',0,'2025-02-14 11:16:25','2025-02-14 11:16:25'),(397,100,'id 100의 1번째 보기입니다.',1,'2025-02-14 11:16:25','2025-02-14 11:16:25'),(398,100,'id 100의 2번째 보기입니다.',0,'2025-02-14 11:16:25','2025-02-14 11:16:25'),(399,100,'id 100의 3번째 보기입니다.',0,'2025-02-14 11:16:25','2025-02-14 11:16:25'),(400,100,'id 100의 4번째 보기입니다.',0,'2025-02-14 11:16:25','2025-02-14 11:16:25'),(401,101,'id 101의 1번째 보기입니다.',1,'2025-02-14 11:16:25','2025-02-14 11:16:25'),(402,101,'id 101의 2번째 보기입니다.',0,'2025-02-14 11:16:25','2025-02-14 11:16:25'),(403,101,'id 101의 3번째 보기입니다.',0,'2025-02-14 11:16:25','2025-02-14 11:16:25'),(404,101,'id 101의 4번째 보기입니다.',0,'2025-02-14 11:16:25','2025-02-14 11:16:25'),(405,102,'id 102의 1번째 보기입니다.',1,'2025-02-14 11:16:25','2025-02-14 11:16:25'),(406,102,'id 102의 2번째 보기입니다.',0,'2025-02-14 11:16:25','2025-02-14 11:16:25'),(407,102,'id 102의 3번째 보기입니다.',0,'2025-02-14 11:16:25','2025-02-14 11:16:25'),(408,102,'id 102의 4번째 보기입니다.',0,'2025-02-14 11:16:25','2025-02-14 11:16:25'),(409,103,'id 103의 1번째 보기입니다.',1,'2025-02-14 11:16:25','2025-02-14 11:16:25'),(410,103,'id 103의 2번째 보기입니다.',0,'2025-02-14 11:16:25','2025-02-14 11:16:25'),(411,103,'id 103의 3번째 보기입니다.',0,'2025-02-14 11:16:25','2025-02-14 11:16:25'),(412,103,'id 103의 4번째 보기입니다.',0,'2025-02-14 11:16:25','2025-02-14 11:16:25'),(413,104,'id 104의 1번째 보기입니다.',1,'2025-02-14 11:16:25','2025-02-14 11:16:25'),(414,104,'id 104의 2번째 보기입니다.',0,'2025-02-14 11:16:25','2025-02-14 11:16:25'),(415,104,'id 104의 3번째 보기입니다.',0,'2025-02-14 11:16:25','2025-02-14 11:16:25'),(416,104,'id 104의 4번째 보기입니다.',0,'2025-02-14 11:16:25','2025-02-14 11:16:25'),(417,105,'id 105의 1번째 보기입니다.',1,'2025-02-14 11:16:25','2025-02-14 11:16:25'),(418,105,'id 105의 2번째 보기입니다.',0,'2025-02-14 11:16:25','2025-02-14 11:16:25'),(419,105,'id 105의 3번째 보기입니다.',0,'2025-02-14 11:16:25','2025-02-14 11:16:25'),(420,105,'id 105의 4번째 보기입니다.',0,'2025-02-14 11:16:25','2025-02-14 11:16:25'),(421,106,'id 106의 1번째 보기입니다.',1,'2025-02-14 11:16:25','2025-02-14 11:16:25'),(422,106,'id 106의 2번째 보기입니다.',0,'2025-02-14 11:16:25','2025-02-14 11:16:25'),(423,106,'id 106의 3번째 보기입니다.',0,'2025-02-14 11:16:25','2025-02-14 11:16:25'),(424,106,'id 106의 4번째 보기입니다.',0,'2025-02-14 11:16:25','2025-02-14 11:16:25'),(425,107,'id 107의 1번째 보기입니다.',1,'2025-02-14 11:16:25','2025-02-14 11:16:25'),(426,107,'id 107의 2번째 보기입니다.',0,'2025-02-14 11:16:25','2025-02-14 11:16:25'),(427,107,'id 107의 3번째 보기입니다.',0,'2025-02-14 11:16:25','2025-02-14 11:16:25'),(428,107,'id 107의 4번째 보기입니다.',0,'2025-02-14 11:16:25','2025-02-14 11:16:25'),(429,108,'id 108의 1번째 보기입니다.',1,'2025-02-14 11:16:25','2025-02-14 11:16:25'),(430,108,'id 108의 2번째 보기입니다.',0,'2025-02-14 11:16:25','2025-02-14 11:16:25'),(431,108,'id 108의 3번째 보기입니다.',0,'2025-02-14 11:16:25','2025-02-14 11:16:25'),(432,108,'id 108의 4번째 보기입니다.',0,'2025-02-14 11:16:25','2025-02-14 11:16:25'),(433,109,'id 109의 1번째 보기입니다.',1,'2025-02-14 11:16:25','2025-02-14 11:16:25'),(434,109,'id 109의 2번째 보기입니다.',0,'2025-02-14 11:16:25','2025-02-14 11:16:25'),(435,109,'id 109의 3번째 보기입니다.',0,'2025-02-14 11:16:25','2025-02-14 11:16:25'),(436,109,'id 109의 4번째 보기입니다.',0,'2025-02-14 11:16:25','2025-02-14 11:16:25'),(437,110,'id 110의 1번째 보기입니다.',1,'2025-02-14 11:16:25','2025-02-14 11:16:25'),(438,110,'id 110의 2번째 보기입니다.',0,'2025-02-14 11:16:25','2025-02-14 11:16:25'),(439,110,'id 110의 3번째 보기입니다.',0,'2025-02-14 11:16:25','2025-02-14 11:16:25'),(440,110,'id 110의 4번째 보기입니다.',0,'2025-02-14 11:16:25','2025-02-14 11:16:25'),(441,111,'id 111의 1번째 보기입니다.',1,'2025-02-14 11:16:25','2025-02-14 11:16:25'),(442,111,'id 111의 2번째 보기입니다.',0,'2025-02-14 11:16:25','2025-02-14 11:16:25'),(443,111,'id 111의 3번째 보기입니다.',0,'2025-02-14 11:16:25','2025-02-14 11:16:25'),(444,111,'id 111의 4번째 보기입니다.',0,'2025-02-14 11:16:25','2025-02-14 11:16:25'),(445,112,'id 112의 1번째 보기입니다.',1,'2025-02-14 11:16:25','2025-02-14 11:16:25'),(446,112,'id 112의 2번째 보기입니다.',0,'2025-02-14 11:16:25','2025-02-14 11:16:25'),(447,112,'id 112의 3번째 보기입니다.',0,'2025-02-14 11:16:25','2025-02-14 11:16:25'),(448,112,'id 112의 4번째 보기입니다.',0,'2025-02-14 11:16:25','2025-02-14 11:16:25'),(449,113,'id 113의 1번째 보기입니다.',1,'2025-02-14 11:16:25','2025-02-14 11:16:25'),(450,113,'id 113의 2번째 보기입니다.',0,'2025-02-14 11:16:25','2025-02-14 11:16:25'),(451,113,'id 113의 3번째 보기입니다.',0,'2025-02-14 11:16:25','2025-02-14 11:16:25'),(452,113,'id 113의 4번째 보기입니다.',0,'2025-02-14 11:16:25','2025-02-14 11:16:25'),(453,114,'id 114의 1번째 보기입니다.',1,'2025-02-14 11:16:25','2025-02-14 11:16:25'),(454,114,'id 114의 2번째 보기입니다.',0,'2025-02-14 11:16:25','2025-02-14 11:16:25'),(455,114,'id 114의 3번째 보기입니다.',0,'2025-02-14 11:16:25','2025-02-14 11:16:25'),(456,114,'id 114의 4번째 보기입니다.',0,'2025-02-14 11:16:25','2025-02-14 11:16:25'),(457,115,'id 115의 1번째 보기입니다.',1,'2025-02-14 11:16:25','2025-02-14 11:16:25'),(458,115,'id 115의 2번째 보기입니다.',0,'2025-02-14 11:16:25','2025-02-14 11:16:25'),(459,115,'id 115의 3번째 보기입니다.',0,'2025-02-14 11:16:25','2025-02-14 11:16:25'),(460,115,'id 115의 4번째 보기입니다.',0,'2025-02-14 11:16:25','2025-02-14 11:16:25'),(461,116,'id 116의 1번째 보기입니다.',1,'2025-02-14 11:16:25','2025-02-14 11:16:25'),(462,116,'id 116의 2번째 보기입니다.',0,'2025-02-14 11:16:25','2025-02-14 11:16:25'),(463,116,'id 116의 3번째 보기입니다.',0,'2025-02-14 11:16:25','2025-02-14 11:16:25'),(464,116,'id 116의 4번째 보기입니다.',0,'2025-02-14 11:16:25','2025-02-14 11:16:25'),(465,117,'id 117의 1번째 보기입니다.',1,'2025-02-14 11:16:25','2025-02-14 11:16:25'),(466,117,'id 117의 2번째 보기입니다.',0,'2025-02-14 11:16:25','2025-02-14 11:16:25'),(467,117,'id 117의 3번째 보기입니다.',0,'2025-02-14 11:16:25','2025-02-14 11:16:25'),(468,117,'id 117의 4번째 보기입니다.',0,'2025-02-14 11:16:25','2025-02-14 11:16:25'),(469,118,'id 118의 1번째 보기입니다.',1,'2025-02-14 11:16:25','2025-02-14 11:16:25'),(470,118,'id 118의 2번째 보기입니다.',0,'2025-02-14 11:16:25','2025-02-14 11:16:25'),(471,118,'id 118의 3번째 보기입니다.',0,'2025-02-14 11:16:25','2025-02-14 11:16:25'),(472,118,'id 118의 4번째 보기입니다.',0,'2025-02-14 11:16:25','2025-02-14 11:16:25'),(473,119,'id 119의 1번째 보기입니다.',1,'2025-02-14 11:16:25','2025-02-14 11:16:25'),(474,119,'id 119의 2번째 보기입니다.',0,'2025-02-14 11:16:25','2025-02-14 11:16:25'),(475,119,'id 119의 3번째 보기입니다.',0,'2025-02-14 11:16:25','2025-02-14 11:16:25'),(476,119,'id 119의 4번째 보기입니다.',0,'2025-02-14 11:16:25','2025-02-14 11:16:25');
/*!40000 ALTER TABLE `answers` ENABLE KEYS */;
UNLOCK TABLES;

--
-- Table structure for table `exam_history`
--

DROP TABLE IF EXISTS `exam_history`;
/*!40101 SET @saved_cs_client     = @@character_set_client */;
/*!50503 SET character_set_client = utf8mb4 */;
CREATE TABLE `exam_history` (
  `history_id` int NOT NULL AUTO_INCREMENT,
  `user_id` int NOT NULL,
  `subject_name` varchar(255) NOT NULL,
  `level` int NOT NULL,
  `total_questions_count` int NOT NULL,
  `correct_questions_count` int NOT NULL,
  `correct_rate` double NOT NULL,
  `created_at` timestamp NULL DEFAULT CURRENT_TIMESTAMP,
  `update_at` timestamp NULL DEFAULT CURRENT_TIMESTAMP ON UPDATE CURRENT_TIMESTAMP,
  PRIMARY KEY (`history_id`)
) ENGINE=InnoDB DEFAULT CHARSET=utf8mb4 COLLATE=utf8mb4_0900_ai_ci;
/*!40101 SET character_set_client = @saved_cs_client */;

--
-- Dumping data for table `exam_history`
--

LOCK TABLES `exam_history` WRITE;
/*!40000 ALTER TABLE `exam_history` DISABLE KEYS */;
/*!40000 ALTER TABLE `exam_history` ENABLE KEYS */;
UNLOCK TABLES;

--
-- Table structure for table `history_items`
--

DROP TABLE IF EXISTS `history_items`;
/*!40101 SET @saved_cs_client     = @@character_set_client */;
/*!50503 SET character_set_client = utf8mb4 */;
CREATE TABLE `history_items` (
  `history_items_id` int NOT NULL AUTO_INCREMENT,
  `history_id` int NOT NULL,
  `is_my_question` tinyint(1) NOT NULL,
  `question_id` int NOT NULL,
  `correct_answer_id` int NOT NULL,
  `user_answer_id` int NOT NULL,
  `is_correct` tinyint(1) NOT NULL,
  `created_at` timestamp NULL DEFAULT CURRENT_TIMESTAMP,
  `update_at` timestamp NULL DEFAULT CURRENT_TIMESTAMP ON UPDATE CURRENT_TIMESTAMP,
  PRIMARY KEY (`history_items_id`)
) ENGINE=InnoDB DEFAULT CHARSET=utf8mb4 COLLATE=utf8mb4_0900_ai_ci;
/*!40101 SET character_set_client = @saved_cs_client */;

--
-- Dumping data for table `history_items`
--

LOCK TABLES `history_items` WRITE;
/*!40000 ALTER TABLE `history_items` DISABLE KEYS */;
/*!40000 ALTER TABLE `history_items` ENABLE KEYS */;
UNLOCK TABLES;

--
-- Table structure for table `incorrect_note`
--

DROP TABLE IF EXISTS `incorrect_note`;
/*!40101 SET @saved_cs_client     = @@character_set_client */;
/*!50503 SET character_set_client = utf8mb4 */;
CREATE TABLE `incorrect_note` (
  `incorrect_note_id` int NOT NULL AUTO_INCREMENT,
  `user_id` int NOT NULL,
  `question_id` int NOT NULL,
  `subject_id` int DEFAULT NULL,
  `is_my_question` tinyint(1) NOT NULL,
  `level` int NOT NULL,
  `created_at` timestamp NULL DEFAULT CURRENT_TIMESTAMP,
  `updated_at` timestamp NULL DEFAULT CURRENT_TIMESTAMP ON UPDATE CURRENT_TIMESTAMP,
  PRIMARY KEY (`incorrect_note_id`),
  UNIQUE KEY `user_id` (`user_id`,`question_id`,`is_my_question`)
) ENGINE=InnoDB DEFAULT CHARSET=utf8mb4 COLLATE=utf8mb4_0900_ai_ci;
/*!40101 SET character_set_client = @saved_cs_client */;

--
-- Dumping data for table `incorrect_note`
--

LOCK TABLES `incorrect_note` WRITE;
/*!40000 ALTER TABLE `incorrect_note` DISABLE KEYS */;
/*!40000 ALTER TABLE `incorrect_note` ENABLE KEYS */;
UNLOCK TABLES;

--
-- Table structure for table `levels`
--

DROP TABLE IF EXISTS `levels`;
/*!40101 SET @saved_cs_client     = @@character_set_client */;
/*!50503 SET character_set_client = utf8mb4 */;
CREATE TABLE `levels` (
  `level_id` int NOT NULL AUTO_INCREMENT,
  `subject_id` int NOT NULL,
  `level` int NOT NULL,
  `deleted` tinyint(1) NOT NULL DEFAULT '0',
  `created_at` timestamp NULL DEFAULT CURRENT_TIMESTAMP,
  `update_at` timestamp NULL DEFAULT CURRENT_TIMESTAMP ON UPDATE CURRENT_TIMESTAMP,
  PRIMARY KEY (`level_id`)
) ENGINE=InnoDB AUTO_INCREMENT=22 DEFAULT CHARSET=utf8mb4 COLLATE=utf8mb4_0900_ai_ci;
/*!40101 SET character_set_client = @saved_cs_client */;

--
-- Dumping data for table `levels`
--

LOCK TABLES `levels` WRITE;
/*!40000 ALTER TABLE `levels` DISABLE KEYS */;
INSERT INTO `levels` VALUES (1,1,1,0,'2025-02-14 11:16:23','2025-02-14 11:16:23'),(2,1,2,0,'2025-02-14 11:16:23','2025-02-14 11:16:23'),(3,1,3,0,'2025-02-14 11:16:23','2025-02-14 11:16:23'),(4,2,1,0,'2025-02-14 11:16:23','2025-02-14 11:16:23'),(5,2,2,0,'2025-02-14 11:16:23','2025-02-14 11:16:23'),(6,2,3,0,'2025-02-14 11:16:23','2025-02-14 11:16:23'),(7,3,1,0,'2025-02-14 11:16:23','2025-02-14 11:16:23'),(8,3,2,0,'2025-02-14 11:16:23','2025-02-14 11:16:23'),(9,3,3,0,'2025-02-14 11:16:23','2025-02-14 11:16:23'),(10,4,1,0,'2025-02-14 11:16:23','2025-02-14 11:16:23'),(11,4,2,0,'2025-02-14 11:16:23','2025-02-14 11:16:23'),(12,4,3,0,'2025-02-14 11:16:23','2025-02-14 11:16:23'),(13,5,1,0,'2025-02-14 11:16:23','2025-02-14 11:16:23'),(14,5,2,0,'2025-02-14 11:16:23','2025-02-14 11:16:23'),(15,5,3,0,'2025-02-14 11:16:23','2025-02-14 11:16:23'),(16,6,1,0,'2025-02-14 11:16:23','2025-02-14 11:16:23'),(17,6,2,0,'2025-02-14 11:16:23','2025-02-14 11:16:23'),(18,6,3,0,'2025-02-14 11:16:23','2025-02-14 11:16:23'),(19,7,1,0,'2025-02-14 11:16:23','2025-02-14 11:16:23'),(20,7,2,0,'2025-02-14 11:16:23','2025-02-14 11:16:23'),(21,7,3,0,'2025-02-14 11:16:23','2025-02-14 11:16:23');
/*!40000 ALTER TABLE `levels` ENABLE KEYS */;
UNLOCK TABLES;

--
-- Table structure for table `memo`
--

DROP TABLE IF EXISTS `memo`;
/*!40101 SET @saved_cs_client     = @@character_set_client */;
/*!50503 SET character_set_client = utf8mb4 */;
CREATE TABLE `memo` (
  `memo_id` int NOT NULL AUTO_INCREMENT,
  `user_id` int NOT NULL,
  `memo_text` text,
  `deleted` tinyint(1) NOT NULL DEFAULT '0',
  `created_at` timestamp NULL DEFAULT CURRENT_TIMESTAMP,
  `update_at` timestamp NULL DEFAULT CURRENT_TIMESTAMP ON UPDATE CURRENT_TIMESTAMP,
  PRIMARY KEY (`memo_id`)
) ENGINE=InnoDB DEFAULT CHARSET=utf8mb4 COLLATE=utf8mb4_0900_ai_ci;
/*!40101 SET character_set_client = @saved_cs_client */;

--
-- Dumping data for table `memo`
--

LOCK TABLES `memo` WRITE;
/*!40000 ALTER TABLE `memo` DISABLE KEYS */;
/*!40000 ALTER TABLE `memo` ENABLE KEYS */;
UNLOCK TABLES;

--
-- Table structure for table `my_questions`
--

DROP TABLE IF EXISTS `my_questions`;
/*!40101 SET @saved_cs_client     = @@character_set_client */;
/*!50503 SET character_set_client = utf8mb4 */;
CREATE TABLE `my_questions` (
  `question_id` int NOT NULL AUTO_INCREMENT,
  `user_id` int NOT NULL,
  `level` int NOT NULL,
  `question_text` text NOT NULL,
  `deleted` tinyint(1) NOT NULL DEFAULT '0',
  `created_at` timestamp NULL DEFAULT CURRENT_TIMESTAMP,
  `update_at` timestamp NULL DEFAULT CURRENT_TIMESTAMP ON UPDATE CURRENT_TIMESTAMP,
  PRIMARY KEY (`question_id`)
) ENGINE=InnoDB DEFAULT CHARSET=utf8mb4 COLLATE=utf8mb4_0900_ai_ci;
/*!40101 SET character_set_client = @saved_cs_client */;

--
-- Dumping data for table `my_questions`
--

LOCK TABLES `my_questions` WRITE;
/*!40000 ALTER TABLE `my_questions` DISABLE KEYS */;
/*!40000 ALTER TABLE `my_questions` ENABLE KEYS */;
UNLOCK TABLES;

--
-- Table structure for table `my_questions_answers`
--

DROP TABLE IF EXISTS `my_questions_answers`;
/*!40101 SET @saved_cs_client     = @@character_set_client */;
/*!50503 SET character_set_client = utf8mb4 */;
CREATE TABLE `my_questions_answers` (
  `answer_id` int NOT NULL AUTO_INCREMENT,
  `my_question_id` int NOT NULL,
  `answer_text` text NOT NULL,
  `is_correct` tinyint(1) DEFAULT NULL,
  `created_at` timestamp NULL DEFAULT CURRENT_TIMESTAMP,
  `update_at` timestamp NULL DEFAULT CURRENT_TIMESTAMP ON UPDATE CURRENT_TIMESTAMP,
  PRIMARY KEY (`answer_id`)
) ENGINE=InnoDB DEFAULT CHARSET=utf8mb4 COLLATE=utf8mb4_0900_ai_ci;
/*!40101 SET character_set_client = @saved_cs_client */;

--
-- Dumping data for table `my_questions_answers`
--

LOCK TABLES `my_questions_answers` WRITE;
/*!40000 ALTER TABLE `my_questions_answers` DISABLE KEYS */;
/*!40000 ALTER TABLE `my_questions_answers` ENABLE KEYS */;
UNLOCK TABLES;

--
-- Table structure for table `my_questions_levels`
--

DROP TABLE IF EXISTS `my_questions_levels`;
/*!40101 SET @saved_cs_client     = @@character_set_client */;
/*!50503 SET character_set_client = utf8mb4 */;
CREATE TABLE `my_questions_levels` (
  `level_id` int NOT NULL AUTO_INCREMENT,
  `user_id` int NOT NULL,
  `level` int NOT NULL,
  `deleted` tinyint(1) NOT NULL DEFAULT '0',
  `created_at` timestamp NULL DEFAULT CURRENT_TIMESTAMP,
  `update_at` timestamp NULL DEFAULT CURRENT_TIMESTAMP ON UPDATE CURRENT_TIMESTAMP,
  PRIMARY KEY (`level_id`)
) ENGINE=InnoDB DEFAULT CHARSET=utf8mb4 COLLATE=utf8mb4_0900_ai_ci;
/*!40101 SET character_set_client = @saved_cs_client */;

--
-- Dumping data for table `my_questions_levels`
--

LOCK TABLES `my_questions_levels` WRITE;
/*!40000 ALTER TABLE `my_questions_levels` DISABLE KEYS */;
/*!40000 ALTER TABLE `my_questions_levels` ENABLE KEYS */;
UNLOCK TABLES;

--
-- Table structure for table `question_unit_setting`
--

DROP TABLE IF EXISTS `question_unit_setting`;
/*!40101 SET @saved_cs_client     = @@character_set_client */;
/*!50503 SET character_set_client = utf8mb4 */;
CREATE TABLE `question_unit_setting` (
  `question_unit_id` int NOT NULL AUTO_INCREMENT,
  `question_unit` int NOT NULL,
  `created_at` timestamp NULL DEFAULT CURRENT_TIMESTAMP,
  `updated_at` timestamp NULL DEFAULT CURRENT_TIMESTAMP ON UPDATE CURRENT_TIMESTAMP,
  PRIMARY KEY (`question_unit_id`)
) ENGINE=InnoDB AUTO_INCREMENT=2 DEFAULT CHARSET=utf8mb4 COLLATE=utf8mb4_0900_ai_ci;
/*!40101 SET character_set_client = @saved_cs_client */;

--
-- Dumping data for table `question_unit_setting`
--

LOCK TABLES `question_unit_setting` WRITE;
/*!40000 ALTER TABLE `question_unit_setting` DISABLE KEYS */;
INSERT INTO `question_unit_setting` VALUES (1,5,'2025-02-14 11:16:16','2025-02-14 11:16:16');
/*!40000 ALTER TABLE `question_unit_setting` ENABLE KEYS */;
UNLOCK TABLES;

--
-- Table structure for table `questions`
--

DROP TABLE IF EXISTS `questions`;
/*!40101 SET @saved_cs_client     = @@character_set_client */;
/*!50503 SET character_set_client = utf8mb4 */;
CREATE TABLE `questions` (
  `question_id` int NOT NULL AUTO_INCREMENT,
  `subject_id` int NOT NULL,
  `level` int NOT NULL,
  `question_text` text NOT NULL,
  `deleted` tinyint(1) NOT NULL DEFAULT '0',
  `created_at` timestamp NULL DEFAULT CURRENT_TIMESTAMP,
  `update_at` timestamp NULL DEFAULT CURRENT_TIMESTAMP ON UPDATE CURRENT_TIMESTAMP,
  PRIMARY KEY (`question_id`)
) ENGINE=InnoDB AUTO_INCREMENT=120 DEFAULT CHARSET=utf8mb4 COLLATE=utf8mb4_0900_ai_ci;
/*!40101 SET character_set_client = @saved_cs_client */;

--
-- Dumping data for table `questions`
--

LOCK TABLES `questions` WRITE;
/*!40000 ALTER TABLE `questions` DISABLE KEYS */;
INSERT INTO `questions` VALUES (1,1,1,'Sid=1의 Qid=1 문제입니다',0,'2025-02-14 11:16:23','2025-02-14 11:16:23'),(2,1,1,'Sid=1의 Qid=2 문제입니다',0,'2025-02-14 11:16:23','2025-02-14 11:16:23'),(3,1,1,'Sid=1의 Qid=3 문제입니다',0,'2025-02-14 11:16:23','2025-02-14 11:16:23'),(4,1,1,'Sid=1의 Qid=4 문제입니다',0,'2025-02-14 11:16:23','2025-02-14 11:16:23'),(5,1,2,'Sid=1의 Qid=5 문제입니다',0,'2025-02-14 11:16:23','2025-02-14 11:16:23'),(6,1,2,'Sid=1의 Qid=6 문제입니다',0,'2025-02-14 11:16:23','2025-02-14 11:16:23'),(7,1,2,'Sid=1의 Qid=7 문제입니다',0,'2025-02-14 11:16:23','2025-02-14 11:16:23'),(8,1,2,'Sid=1의 Qid=8 문제입니다',0,'2025-02-14 11:16:23','2025-02-14 11:16:23'),(9,1,3,'Sid=1의 Qid=9 문제입니다',0,'2025-02-14 11:16:23','2025-02-14 11:16:23'),(10,1,3,'Sid=1의 Qid=10 문제입니다',0,'2025-02-14 11:16:23','2025-02-14 11:16:23'),(11,1,3,'Sid=1의 Qid=11 문제입니다',0,'2025-02-14 11:16:23','2025-02-14 11:16:23'),(12,1,3,'Sid=1의 Qid=12 문제입니다',0,'2025-02-14 11:16:23','2025-02-14 11:16:23'),(13,1,1,'Sid=1의 Qid=13 문제입니다',0,'2025-02-14 11:16:23','2025-02-14 11:16:23'),(14,1,1,'Sid=1의 Qid=14 문제입니다',0,'2025-02-14 11:16:23','2025-02-14 11:16:23'),(15,1,2,'Sid=1의 Qid=15 문제입니다',0,'2025-02-14 11:16:23','2025-02-14 11:16:23'),(16,1,2,'Sid=1의 Qid=16 문제입니다',0,'2025-02-14 11:16:23','2025-02-14 11:16:23'),(17,1,3,'Sid=1의 Qid=17 문제입니다',0,'2025-02-14 11:16:23','2025-02-14 11:16:23'),(18,2,1,'Sid=2의 Qid=18 문제입니다',0,'2025-02-14 11:16:23','2025-02-14 11:16:23'),(19,2,1,'Sid=2의 Qid=19 문제입니다',0,'2025-02-14 11:16:23','2025-02-14 11:16:23'),(20,2,1,'Sid=2의 Qid=20 문제입니다',0,'2025-02-14 11:16:23','2025-02-14 11:16:23'),(21,2,1,'Sid=2의 Qid=21 문제입니다',0,'2025-02-14 11:16:23','2025-02-14 11:16:23'),(22,2,2,'Sid=2의 Qid=22 문제입니다',0,'2025-02-14 11:16:23','2025-02-14 11:16:23'),(23,2,2,'Sid=2의 Qid=23 문제입니다',0,'2025-02-14 11:16:23','2025-02-14 11:16:23'),(24,2,2,'Sid=2의 Qid=24 문제입니다',0,'2025-02-14 11:16:23','2025-02-14 11:16:23'),(25,2,2,'Sid=2의 Qid=25 문제입니다',0,'2025-02-14 11:16:23','2025-02-14 11:16:23'),(26,2,3,'Sid=2의 Qid=26 문제입니다',0,'2025-02-14 11:16:23','2025-02-14 11:16:23'),(27,2,3,'Sid=2의 Qid=27 문제입니다',0,'2025-02-14 11:16:23','2025-02-14 11:16:23'),(28,2,3,'Sid=2의 Qid=28 문제입니다',0,'2025-02-14 11:16:23','2025-02-14 11:16:23'),(29,2,3,'Sid=2의 Qid=29 문제입니다',0,'2025-02-14 11:16:23','2025-02-14 11:16:23'),(30,2,1,'Sid=2의 Qid=30 문제입니다',0,'2025-02-14 11:16:23','2025-02-14 11:16:23'),(31,2,1,'Sid=2의 Qid=31 문제입니다',0,'2025-02-14 11:16:23','2025-02-14 11:16:23'),(32,2,2,'Sid=2의 Qid=32 문제입니다',0,'2025-02-14 11:16:23','2025-02-14 11:16:23'),(33,2,2,'Sid=2의 Qid=33 문제입니다',0,'2025-02-14 11:16:23','2025-02-14 11:16:23'),(34,2,3,'Sid=2의 Qid=34 문제입니다',0,'2025-02-14 11:16:23','2025-02-14 11:16:23'),(35,3,1,'Sid=3의 Qid=35 문제입니다',0,'2025-02-14 11:16:23','2025-02-14 11:16:23'),(36,3,1,'Sid=3의 Qid=36 문제입니다',0,'2025-02-14 11:16:23','2025-02-14 11:16:23'),(37,3,1,'Sid=3의 Qid=37 문제입니다',0,'2025-02-14 11:16:23','2025-02-14 11:16:23'),(38,3,1,'Sid=3의 Qid=38 문제입니다',0,'2025-02-14 11:16:23','2025-02-14 11:16:23'),(39,3,2,'Sid=3의 Qid=39 문제입니다',0,'2025-02-14 11:16:23','2025-02-14 11:16:23'),(40,3,2,'Sid=3의 Qid=40 문제입니다',0,'2025-02-14 11:16:23','2025-02-14 11:16:23'),(41,3,2,'Sid=3의 Qid=41 문제입니다',0,'2025-02-14 11:16:23','2025-02-14 11:16:23'),(42,3,2,'Sid=3의 Qid=42 문제입니다',0,'2025-02-14 11:16:23','2025-02-14 11:16:23'),(43,3,3,'Sid=3의 Qid=43 문제입니다',0,'2025-02-14 11:16:23','2025-02-14 11:16:23'),(44,3,3,'Sid=3의 Qid=44 문제입니다',0,'2025-02-14 11:16:23','2025-02-14 11:16:23'),(45,3,3,'Sid=3의 Qid=45 문제입니다',0,'2025-02-14 11:16:23','2025-02-14 11:16:23'),(46,3,3,'Sid=3의 Qid=46 문제입니다',0,'2025-02-14 11:16:23','2025-02-14 11:16:23'),(47,3,1,'Sid=3의 Qid=47 문제입니다',0,'2025-02-14 11:16:23','2025-02-14 11:16:23'),(48,3,1,'Sid=3의 Qid=48 문제입니다',0,'2025-02-14 11:16:23','2025-02-14 11:16:23'),(49,3,2,'Sid=3의 Qid=49 문제입니다',0,'2025-02-14 11:16:23','2025-02-14 11:16:23'),(50,3,2,'Sid=3의 Qid=50 문제입니다',0,'2025-02-14 11:16:23','2025-02-14 11:16:23'),(51,3,3,'Sid=3의 Qid=51 문제입니다',0,'2025-02-14 11:16:23','2025-02-14 11:16:23'),(52,4,1,'Sid=4의 Qid=52 문제입니다',0,'2025-02-14 11:16:23','2025-02-14 11:16:23'),(53,4,1,'Sid=4의 Qid=53 문제입니다',0,'2025-02-14 11:16:23','2025-02-14 11:16:23'),(54,4,1,'Sid=4의 Qid=54 문제입니다',0,'2025-02-14 11:16:23','2025-02-14 11:16:23'),(55,4,1,'Sid=4의 Qid=55 문제입니다',0,'2025-02-14 11:16:23','2025-02-14 11:16:23'),(56,4,2,'Sid=4의 Qid=56 문제입니다',0,'2025-02-14 11:16:23','2025-02-14 11:16:23'),(57,4,2,'Sid=4의 Qid=57 문제입니다',0,'2025-02-14 11:16:23','2025-02-14 11:16:23'),(58,4,2,'Sid=4의 Qid=58 문제입니다',0,'2025-02-14 11:16:23','2025-02-14 11:16:23'),(59,4,2,'Sid=4의 Qid=59 문제입니다',0,'2025-02-14 11:16:23','2025-02-14 11:16:23'),(60,4,3,'Sid=4의 Qid=60 문제입니다',0,'2025-02-14 11:16:23','2025-02-14 11:16:23'),(61,4,3,'Sid=4의 Qid=61 문제입니다',0,'2025-02-14 11:16:23','2025-02-14 11:16:23'),(62,4,3,'Sid=4의 Qid=62 문제입니다',0,'2025-02-14 11:16:23','2025-02-14 11:16:23'),(63,4,3,'Sid=4의 Qid=63 문제입니다',0,'2025-02-14 11:16:23','2025-02-14 11:16:23'),(64,4,1,'Sid=4의 Qid=64 문제입니다',0,'2025-02-14 11:16:23','2025-02-14 11:16:23'),(65,4,1,'Sid=4의 Qid=65 문제입니다',0,'2025-02-14 11:16:23','2025-02-14 11:16:23'),(66,4,2,'Sid=4의 Qid=66 문제입니다',0,'2025-02-14 11:16:23','2025-02-14 11:16:23'),(67,4,2,'Sid=4의 Qid=67 문제입니다',0,'2025-02-14 11:16:23','2025-02-14 11:16:23'),(68,4,3,'Sid=4의 Qid=68 문제입니다',0,'2025-02-14 11:16:23','2025-02-14 11:16:23'),(69,5,1,'Sid=5의 Qid=69 문제입니다',0,'2025-02-14 11:16:23','2025-02-14 11:16:23'),(70,5,1,'Sid=5의 Qid=70 문제입니다',0,'2025-02-14 11:16:23','2025-02-14 11:16:23'),(71,5,1,'Sid=5의 Qid=71 문제입니다',0,'2025-02-14 11:16:23','2025-02-14 11:16:23'),(72,5,1,'Sid=5의 Qid=72 문제입니다',0,'2025-02-14 11:16:23','2025-02-14 11:16:23'),(73,5,2,'Sid=5의 Qid=73 문제입니다',0,'2025-02-14 11:16:23','2025-02-14 11:16:23'),(74,5,2,'Sid=5의 Qid=74 문제입니다',0,'2025-02-14 11:16:23','2025-02-14 11:16:23'),(75,5,2,'Sid=5의 Qid=75 문제입니다',0,'2025-02-14 11:16:23','2025-02-14 11:16:23'),(76,5,2,'Sid=5의 Qid=76 문제입니다',0,'2025-02-14 11:16:23','2025-02-14 11:16:23'),(77,5,3,'Sid=5의 Qid=77 문제입니다',0,'2025-02-14 11:16:23','2025-02-14 11:16:23'),(78,5,3,'Sid=5의 Qid=78 문제입니다',0,'2025-02-14 11:16:23','2025-02-14 11:16:23'),(79,5,3,'Sid=5의 Qid=79 문제입니다',0,'2025-02-14 11:16:23','2025-02-14 11:16:23'),(80,5,3,'Sid=5의 Qid=80 문제입니다',0,'2025-02-14 11:16:23','2025-02-14 11:16:23'),(81,5,1,'Sid=5의 Qid=81 문제입니다',0,'2025-02-14 11:16:23','2025-02-14 11:16:23'),(82,5,1,'Sid=5의 Qid=82 문제입니다',0,'2025-02-14 11:16:23','2025-02-14 11:16:23'),(83,5,2,'Sid=5의 Qid=83 문제입니다',0,'2025-02-14 11:16:23','2025-02-14 11:16:23'),(84,5,2,'Sid=5의 Qid=84 문제입니다',0,'2025-02-14 11:16:23','2025-02-14 11:16:23'),(85,5,3,'Sid=5의 Qid=85 문제입니다',0,'2025-02-14 11:16:23','2025-02-14 11:16:23'),(86,6,1,'Sid=6의 Qid=86 문제입니다',0,'2025-02-14 11:16:23','2025-02-14 11:16:23'),(87,6,1,'Sid=6의 Qid=87 문제입니다',0,'2025-02-14 11:16:23','2025-02-14 11:16:23'),(88,6,1,'Sid=6의 Qid=88 문제입니다',0,'2025-02-14 11:16:23','2025-02-14 11:16:23'),(89,6,1,'Sid=6의 Qid=89 문제입니다',0,'2025-02-14 11:16:23','2025-02-14 11:16:23'),(90,6,2,'Sid=6의 Qid=90 문제입니다',0,'2025-02-14 11:16:23','2025-02-14 11:16:23'),(91,6,2,'Sid=6의 Qid=91 문제입니다',0,'2025-02-14 11:16:23','2025-02-14 11:16:23'),(92,6,2,'Sid=6의 Qid=92 문제입니다',0,'2025-02-14 11:16:23','2025-02-14 11:16:23'),(93,6,2,'Sid=6의 Qid=93 문제입니다',0,'2025-02-14 11:16:23','2025-02-14 11:16:23'),(94,6,3,'Sid=6의 Qid=94 문제입니다',0,'2025-02-14 11:16:23','2025-02-14 11:16:23'),(95,6,3,'Sid=6의 Qid=95 문제입니다',0,'2025-02-14 11:16:23','2025-02-14 11:16:23'),(96,6,3,'Sid=6의 Qid=96 문제입니다',0,'2025-02-14 11:16:23','2025-02-14 11:16:23'),(97,6,3,'Sid=6의 Qid=97 문제입니다',0,'2025-02-14 11:16:23','2025-02-14 11:16:23'),(98,6,1,'Sid=6의 Qid=98 문제입니다',0,'2025-02-14 11:16:23','2025-02-14 11:16:23'),(99,6,1,'Sid=6의 Qid=99 문제입니다',0,'2025-02-14 11:16:23','2025-02-14 11:16:23'),(100,6,2,'Sid=6의 Qid=100 문제입니다',0,'2025-02-14 11:16:23','2025-02-14 11:16:23'),(101,6,2,'Sid=6의 Qid=101 문제입니다',0,'2025-02-14 11:16:23','2025-02-14 11:16:23'),(102,6,3,'Sid=6의 Qid=102 문제입니다',0,'2025-02-14 11:16:23','2025-02-14 11:16:23'),(103,7,1,'Sid=7의 Qid=103 문제입니다',0,'2025-02-14 11:16:23','2025-02-14 11:16:23'),(104,7,1,'Sid=7의 Qid=104 문제입니다',0,'2025-02-14 11:16:23','2025-02-14 11:16:23'),(105,7,1,'Sid=7의 Qid=105 문제입니다',0,'2025-02-14 11:16:23','2025-02-14 11:16:23'),(106,7,1,'Sid=7의 Qid=106 문제입니다',0,'2025-02-14 11:16:23','2025-02-14 11:16:23'),(107,7,2,'Sid=7의 Qid=107 문제입니다',0,'2025-02-14 11:16:23','2025-02-14 11:16:23'),(108,7,2,'Sid=7의 Qid=108 문제입니다',0,'2025-02-14 11:16:23','2025-02-14 11:16:23'),(109,7,2,'Sid=7의 Qid=109 문제입니다',0,'2025-02-14 11:16:23','2025-02-14 11:16:23'),(110,7,2,'Sid=7의 Qid=110 문제입니다',0,'2025-02-14 11:16:23','2025-02-14 11:16:23'),(111,7,3,'Sid=7의 Qid=111 문제입니다',0,'2025-02-14 11:16:23','2025-02-14 11:16:23'),(112,7,3,'Sid=7의 Qid=112 문제입니다',0,'2025-02-14 11:16:23','2025-02-14 11:16:23'),(113,7,3,'Sid=7의 Qid=113 문제입니다',0,'2025-02-14 11:16:23','2025-02-14 11:16:23'),(114,7,3,'Sid=7의 Qid=114 문제입니다',0,'2025-02-14 11:16:23','2025-02-14 11:16:23'),(115,7,1,'Sid=7의 Qid=115 문제입니다',0,'2025-02-14 11:16:23','2025-02-14 11:16:23'),(116,7,1,'Sid=7의 Qid=116 문제입니다',0,'2025-02-14 11:16:23','2025-02-14 11:16:23'),(117,7,2,'Sid=7의 Qid=117 문제입니다',0,'2025-02-14 11:16:23','2025-02-14 11:16:23'),(118,7,2,'Sid=7의 Qid=118 문제입니다',0,'2025-02-14 11:16:23','2025-02-14 11:16:23'),(119,7,3,'Sid=7의 Qid=119 문제입니다',0,'2025-02-14 11:16:23','2025-02-14 11:16:23');
/*!40000 ALTER TABLE `questions` ENABLE KEYS */;
UNLOCK TABLES;

--
-- Table structure for table `subjects`
--

DROP TABLE IF EXISTS `subjects`;
/*!40101 SET @saved_cs_client     = @@character_set_client */;
/*!50503 SET character_set_client = utf8mb4 */;
CREATE TABLE `subjects` (
  `subject_id` int NOT NULL AUTO_INCREMENT,
  `subject_name` varchar(255) NOT NULL,
  `deleted` tinyint(1) NOT NULL DEFAULT '0',
  `created_at` timestamp NULL DEFAULT CURRENT_TIMESTAMP,
  `update_at` timestamp NULL DEFAULT CURRENT_TIMESTAMP ON UPDATE CURRENT_TIMESTAMP,
  PRIMARY KEY (`subject_id`),
  UNIQUE KEY `subject_name` (`subject_name`)
) ENGINE=InnoDB AUTO_INCREMENT=8 DEFAULT CHARSET=utf8mb4 COLLATE=utf8mb4_0900_ai_ci;
/*!40101 SET character_set_client = @saved_cs_client */;

--
-- Dumping data for table `subjects`
--

LOCK TABLES `subjects` WRITE;
/*!40000 ALTER TABLE `subjects` DISABLE KEYS */;
INSERT INTO `subjects` VALUES (1,'자료구조',0,'2025-02-14 11:16:23','2025-02-14 11:16:23'),(2,'알고리즘',0,'2025-02-14 11:16:23','2025-02-14 11:16:23'),(3,'운영체제',0,'2025-02-14 11:16:23','2025-02-14 11:16:23'),(4,'네트워크',0,'2025-02-14 11:16:23','2025-02-14 11:16:23'),(5,'데이터 베이스',0,'2025-02-14 11:16:23','2025-02-14 11:16:23'),(6,'개발 언어',0,'2025-02-14 11:16:23','2025-02-14 11:16:23'),(7,'백엔드',0,'2025-02-14 11:16:23','2025-02-14 11:16:23');
/*!40000 ALTER TABLE `subjects` ENABLE KEYS */;
UNLOCK TABLES;

--
-- Table structure for table `users`
--

DROP TABLE IF EXISTS `users`;
/*!40101 SET @saved_cs_client     = @@character_set_client */;
/*!50503 SET character_set_client = utf8mb4 */;
CREATE TABLE `users` (
  `user_id` int NOT NULL AUTO_INCREMENT,
  `account_id` varchar(255) NOT NULL,
  `nickname` varchar(255) NOT NULL,
  `hashed_password` varchar(255) NOT NULL,
  `find_password_question` varchar(255) NOT NULL,
  `find_password_answer` varchar(255) NOT NULL,
  `gender` enum('male','female') DEFAULT NULL,
  `birth_year` int DEFAULT NULL,
  `roles` varchar(255) NOT NULL,
  `create_at` timestamp NULL DEFAULT CURRENT_TIMESTAMP,
  `update_at` timestamp NULL DEFAULT CURRENT_TIMESTAMP ON UPDATE CURRENT_TIMESTAMP,
  PRIMARY KEY (`user_id`),
  UNIQUE KEY `account_id` (`account_id`)
) ENGINE=InnoDB DEFAULT CHARSET=utf8mb4 COLLATE=utf8mb4_0900_ai_ci;
/*!40101 SET character_set_client = @saved_cs_client */;

--
-- Dumping data for table `users`
--

LOCK TABLES `users` WRITE;
/*!40000 ALTER TABLE `users` DISABLE KEYS */;
/*!40000 ALTER TABLE `users` ENABLE KEYS */;
UNLOCK TABLES;

--
-- Dumping routines for database 'backend_mock_exam'
--
/*!40103 SET TIME_ZONE=@OLD_TIME_ZONE */;

/*!40101 SET SQL_MODE=@OLD_SQL_MODE */;
/*!40014 SET FOREIGN_KEY_CHECKS=@OLD_FOREIGN_KEY_CHECKS */;
/*!40014 SET UNIQUE_CHECKS=@OLD_UNIQUE_CHECKS */;
/*!40101 SET CHARACTER_SET_CLIENT=@OLD_CHARACTER_SET_CLIENT */;
/*!40101 SET CHARACTER_SET_RESULTS=@OLD_CHARACTER_SET_RESULTS */;
/*!40101 SET COLLATION_CONNECTION=@OLD_COLLATION_CONNECTION */;
/*!40111 SET SQL_NOTES=@OLD_SQL_NOTES */;

-- Dump completed on 2025-02-14 21:28:29
